,provider,model_name,eval_mode,temp,max_tokens,financebench_id,question,gold_answer,model_answer,retrieved_documents
0,anthropic,claude-3-5-haiku-20241022,inContext_reverse,0.01,512,financebench_id_03029,What is the FY2018 capital expenditure amount (in USD millions) for 3M? Give a response to the question by relying on the details shown in the cash flow statement.,$1577.00,"I apologize, but I cannot find the specific capital expenditure amount for FY2018 in the cash flow statement from the provided context. While the document discusses environmental capital expenditures (approximately $27 million in 2018 for environmental purposes), it does not provide the total capital expenditure figure in the excerpt shown.

To definitively answer the question about total capital expenditures for FY2018, I would need to see the full cash flow statement, which is not completely included in this document excerpt.",[]
1,anthropic,claude-3-5-haiku-20241022,inContext_reverse,0.01,512,financebench_id_04672,Assume that you are a public equities analyst. Answer the following question by primarily using information that is shown in the balance sheet: what is the year end FY2018 net PPNE for 3M? Answer in USD billions.,$8.70,"I apologize, but I cannot find the specific net Property, Plant, and Equipment (PPNE) value directly in the provided document. This excerpt is from the first part of 3M's 10-K filing, which includes the business description, risk factors, and other narrative sections. The balance sheet itself is not included in this section.

To accurately answer the question about 3M's year-end FY2018 net PPNE, I would need to see the actual consolidated balance sheet, which would typically be found in the financial statements section of the 10-K (Item 8 in this document's table of contents).

Without seeing the actual balance sheet, I cannot confidently state the net PPNE value for 3M at the end of 2018.",[]
2,anthropic,claude-3-5-haiku-20241022,inContext_reverse,0.01,512,financebench_id_00499,Is 3M a capital-intensive business based on FY2022 data?,"No, the company is managing its CAPEX and Fixed Assets pretty efficiently, which is evident from below key metrics:
CAPEX/Revenue Ratio: 5.1%
Fixed assets/Total Assets: 20%
Return on Assets= 12.4%","Based on the 10-K filing, there are several indicators that suggest 3M is a capital-intensive business:

1. Capital Expenditures for Environmental Purposes:
- In 2022, 3M spent approximately $317 million on capital projects for environmental purposes
- They expect to spend around $646 million on similar projects in 2023-2024

2. Manufacturing and Technology Focus:
- 3M is described as a ""diversified technology company"" with significant manufacturing operations
- They emphasize expertise in ""product development, manufacturing and marketing""
- They have complex manufacturing processes involving advanced materials, electronics, and other technical domains

3. Raw Materials and Supply Chain Management:
- The company actively manages raw material inventories and supply chains
- They have strategic relationships with key suppliers
- They deploy productivity projects to manage manufacturing operations

4. Research and Development:
- 3M generates a steady stream of inventions covered by patents and trade secrets
- They have significant R&D investments and a global online employee learning platform

5. Environmental Capital Projects:
- Their environmental capital projects include sophisticated equipment like:
  - Water quality improvement equipment
  - Scrubbers
  - Containment structures
  - Solvent recovery units
  - Thermal oxidizers

While the filing doesn't provide a direct capital expenditure total for 2022, these details suggest 3M is indeed a capital-intensive business with significant investments in manufacturing, technology, and environmental infrastructure.",[]
3,anthropic,claude-3-5-haiku-20241022,inContext_reverse,0.01,512,financebench_id_01226,"What drove operating margin change as of FY2022 for 3M? If operating margin is not a useful metric for a company like this, then please state that and explain why.","Operating Margin for 3M in FY2022 has decreased by 1.7% primarily due to: 
-Decrease in gross Margin
-mostly one-off charges including Combat Arms Earplugs litigation, impairment related to exiting PFAS manufacturing, costs related to exiting Russia and divestiture-related restructuring
charges","To accurately answer this question, I would need to review the detailed financial analysis in the Management's Discussion and Analysis (MD&A) section, which is not fully included in the provided context. However, I can provide some insights based on the available information.

From the context provided, there are several factors that likely impacted 3M's operating margins in 2022:

1. Raw Material Price Inflation: The document specifically notes that ""3M experienced net raw material price inflation in 2022"" due to global supply chain disruptions. Rising input costs typically put pressure on operating margins.

2. Supply Chain Challenges: The document mentions ""many geopolitical, logistics, and disruptive events caused imbalance in the global supply chain"" in 2022, which could have impacted operational efficiency and margins.

3. Productivity Projects: The company mentions deploying ""productivity projects to minimize the impact"" of supply chain and raw material challenges, suggesting efforts to maintain margins.

Operating margin can be a useful metric for 3M because:
- It shows the company's operational efficiency
- It reflects the company's ability to control costs relative to revenue
- It allows comparison of profitability across different business segments

However, for a diversified technology company like 3M with multiple business segments and global operations, operating margin should be viewed alongside other metrics like revenue growth, segment performance, and strategic investments.

For a precise analysis of operating margin changes, I recommend reviewing the full financial statements and MD&A section not provided in this context.",[]
4,anthropic,claude-3-5-haiku-20241022,inContext_reverse,0.01,512,financebench_id_01865,"If we exclude the impact of M&A, which segment has dragged down 3M's overall growth in 2022?",The consumer segment shrunk by 0.9% organically.,"I apologize, but I cannot definitively answer this question from the context provided. While the document contains a detailed description of 3M's business segments, it does not provide specific growth rates or performance details for each segment in 2022 that would allow me to identify which segment dragged down overall growth when excluding M&A impacts. To accurately answer this question, I would need additional financial performance data not present in this excerpt of the 10-K filing.",[]
5,anthropic,claude-3-5-haiku-20241022,inContext_reverse,0.01,512,financebench_id_00807,"Does 3M have a reasonably healthy liquidity profile based on its quick ratio for Q2 of FY2023? If the quick ratio is not relevant to measure liquidity, please state that and explain why.","No. The quick ratio for 3M was 0.96 by Jun'23 close, which needs a bit of an improvement to touch the 1x mark","To calculate the quick ratio, I'll use the Consolidated Balance Sheet from the 10-Q filing and focus on current assets and current liabilities.

Quick Ratio Calculation:
Current Assets (excluding inventory): 
- Cash and cash equivalents: $4,258 million
- Marketable securities - current: $56 million
- Accounts receivable - net: $4,947 million

Total Quick Assets: $9,261 million

Current Liabilities: $10,936 million

Quick Ratio = Quick Assets / Current Liabilities
= $9,261 million / $10,936 million
= 0.85

A quick ratio below 1.0 typically suggests potential liquidity challenges, as the company does not have enough liquid assets to cover its short-term obligations. 

However, in 3M's case, this metric might not fully capture the company's liquidity health because:

1. 3M has significant cash flow generation capabilities
2. The company has access to substantial credit markets
3. The quick ratio doesn't account for 3M's strong overall financial position and credit rating

The Cash Flow Statement shows 3M generated $2,784 million in operating cash flow in the first six months of 2023, indicating robust cash generation.

Therefore, while the quick ratio suggests potential liquidity constraints, other financial indicators suggest 3M maintains a reasonably healthy liquidity profile.",[]
6,anthropic,claude-3-5-haiku-20241022,inContext_reverse,0.01,512,financebench_id_00941,Which debt securities are registered to trade on a national securities exchange under 3M's name as of Q2 of 2023?,"Following debt securities registered under 3M's name are listed to trade on the New York Stock Exchange:
-1.500% Notes due 2026 (Trading Symbol: MMM26)
-1.750% Notes due 2030 (Trading Symbol: MMM30)
-1.500% Notes due 2031 (Trading Symbol: MMM31)","According to the document, 3M has the following debt securities registered to trade on national securities exchanges:

1. 1.500% Notes due 2026 (trading symbol: MMM26) on the New York Stock Exchange
2. 1.750% Notes due 2030 (trading symbol: MMM30) on the New York Stock Exchange
3. 1.500% Notes due 2031 (trading symbol: MMM31) on the New York Stock Exchange",[]
7,anthropic,claude-3-5-haiku-20241022,inContext_reverse,0.01,512,financebench_id_01858,Does 3M maintain a stable trend of dividend distribution?,"Yes, not only they distribute the dividends on a routine basis, 3M has also been increasing the per share dividend for consecutive 65 years","To determine if 3M maintains a stable trend of dividend distribution, I'll look at the dividend payments in the Cash Flow Statement.

In the Consolidated Statement of Cash Flows, under the ""Cash Flows from Financing Activities"" section, the ""Dividends paid to shareholders"" line shows:

- For the six months ended June 30, 2023: $1,655 million
- For the six months ended June 30, 2022: $1,700 million

The dividend payments are very close in amount, with only a slight decrease of $45 million from 2022 to 2023. This suggests a consistent dividend distribution approach.

While this document alone doesn't show the full historical dividend trend, the near-identical dividend payments in these two consecutive years indicate 3M aims to maintain a stable dividend distribution to shareholders.

To definitively confirm a long-term stable dividend trend, I would recommend reviewing dividend payments over a longer period, such as 5-10 years. However, based on the information in this quarterly report, 3M appears to be maintaining a stable dividend distribution strategy.",[]
8,anthropic,claude-3-5-haiku-20241022,inContext_reverse,0.01,512,financebench_id_02987,What is the FY2019 fixed asset turnover ratio for Activision Blizzard? Fixed asset turnover ratio is defined as: FY2019 revenue / (average PP&E between FY2018 and FY2019). Round your answer to two decimal places. Base your judgments on the information provided primarily in the statement of income and the statement of financial position.,24.26,"I apologize, but I cannot calculate the fixed asset turnover ratio from the provided document. While this is a Form 10-K filing for Activision Blizzard, the excerpt provided does not include the financial statements or balance sheet that would be necessary to calculate the fixed asset turnover ratio. 

To calculate this ratio, I would need:
1. The total revenue for FY2019
2. The Property, Plant, and Equipment (PP&E) values for both FY2018 and FY2019

These specific financial details are not present in the text provided. The document appears to be the business description and risk factors section of the 10-K, which comes before the financial statements.",[]
9,anthropic,claude-3-5-haiku-20241022,inContext_reverse,0.01,512,financebench_id_07966,What is the FY2017 - FY2019 3 year average of capex as a % of revenue for Activision Blizzard? Answer in units of percents and round to one decimal place. Calculate (or extract) the answer from the statement of income and the cash flow statement.,1.9%,"I apologize, but I cannot find the capital expenditure (capex) information in the provided document. This excerpt is from Activision Blizzard's Form 10-K filing, specifically the Business Overview and Risk Factors sections. To calculate capex as a percentage of revenue, I would need to see the cash flow statement or financial statements, which are not included in this excerpt.

To accurately calculate the 3-year average capex as a percentage of revenue, I would need to see:
1. Total revenue for each year
2. Capital expenditure amounts for each year

Without those specific numbers, I cannot compute the requested metric. If you have access to the full financial statements in the 10-K, I would be happy to help you calculate this figure.",[]
10,anthropic,claude-3-5-haiku-20241022,inContext_reverse,0.01,512,financebench_id_04735,You are an investment banker and your only resource(s) to answer the following question is (are): the statement of financial position and the cash flow statement. Here's the question: what is the FY2015 operating cash flow ratio for Adobe? Operating cash flow ratio is defined as: cash from operations / total current liabilities. Round your answer to two decimal places.,0.66,"I apologize, but I cannot answer this question based solely on the document provided. The text you've shared is Adobe's Form 10-K filing, which contains business description, strategy, and other narrative information. It does not include the statement of financial position or cash flow statement that would be necessary to calculate the operating cash flow ratio.

To calculate the operating cash flow ratio, I would need:
1. Cash from operations (from the cash flow statement)
2. Total current liabilities (from the balance sheet/statement of financial position)

Without those specific financial statements, it's not possible to compute the ratio.",[]
11,anthropic,claude-3-5-haiku-20241022,inContext_reverse,0.01,512,financebench_id_07507,What is Adobe's year-over-year change in unadjusted operating income from FY2015 to FY2016 (in units of percents and round to one decimal place)? Give a solution to the question by using the income statement.,65.4%,"I apologize, but I cannot find the specific year-over-year change in unadjusted operating income from FY2015 to FY2016 in the provided document. The text appears to be the first part of an annual report (Form 10-K) for Adobe Systems Incorporated, but it does not include the income statement or detailed financial results that would allow me to calculate the operating income change. 

To answer this question, I would need to see the complete financial statements, specifically the income statement or statement of operations, which are not present in the given text. The document provides a business overview and description of Adobe's products and segments, but lacks the specific financial data required to calculate the operating income change.",[]
12,anthropic,claude-3-5-haiku-20241022,inContext_reverse,0.01,512,financebench_id_03856,What is the FY2017 operating cash flow ratio for Adobe? Operating cash flow ratio is defined as: cash from operations / total current liabilities. Round your answer to two decimal places. Please utilize information provided primarily within the balance sheet and the cash flow statement.,0.83,"I apologize, but I cannot find the specific information needed to calculate the operating cash flow ratio in the provided document. The text appears to be the business section of Adobe's 2017 Form 10-K filing, which describes the company's business operations, strategy, and competitive landscape. 

To calculate the operating cash flow ratio, I would need:
1. Cash from operations (from the cash flow statement)
2. Total current liabilities (from the balance sheet)

These specific financial statements are not included in the provided text. To accurately calculate the operating cash flow ratio, I would need access to Adobe's complete financial statements from the same filing.",[]
13,anthropic,claude-3-5-haiku-20241022,inContext_reverse,0.01,512,financebench_id_00438,"Does Adobe have an improving operating margin profile as of FY2022? If operating margin is not a useful metric for a company like this, then state that and explain why.",No the operating margins of Adobe have recently declined from 36.8% in FY 2021 to 34.6% in FY2022. A drop by 2.2% in a year.,"To determine if Adobe has an improving operating margin profile, I would need to review the financial statements in the document, specifically the income statement or management's discussion of operating margins. However, the excerpt provided does not include those specific financial details.

The document is primarily a business overview and does not provide direct insight into Adobe's operating margin trends. To definitively answer this question, I would need to see the financial statements in Part II, Item 8 of the document.

That said, operating margin can be a useful metric for software companies like Adobe, but with some important nuances:

1. Adobe has transitioned to a subscription-based model (SaaS), which typically:
- Provides more predictable revenue
- Has high gross margins
- Requires ongoing investment in product development and sales/marketing

2. For subscription software companies, metrics like:
- Recurring revenue growth
- Customer acquisition cost
- Lifetime customer value
- Gross margin percentage

Often provide more comprehensive insights than operating margin alone.

The document suggests Adobe is strategically investing in growth across Digital Media and Digital Experience segments, which could temporarily suppress operating margins while building long-term value.

To conclusively assess Adobe's operating margin profile, I would recommend reviewing the full financial statements and management's discussion of financial results.",[]
14,anthropic,claude-3-5-haiku-20241022,inContext_reverse,0.01,512,financebench_id_00591,Does Adobe have an improving Free cashflow conversion as of FY2022?,"Yes, the FCF conversion (using net income as the denominator) for Adobe has improved by ~13% from 143% in 2021 to 156% in 2022","I apologize, but I cannot definitively answer whether Adobe has an improving free cash flow conversion as of FY2022 from the provided context. While the document is Adobe's 10-K filing for the fiscal year ended December 2, 2022, the excerpt does not include specific cash flow conversion metrics or details. To accurately determine free cash flow conversion, I would need to review the financial statements and cash flow section of the document, which are not included in this excerpt. To get a precise answer, I recommend examining the full financial statements in the 10-K, particularly the cash flow statement and related footnotes.",[]
15,anthropic,claude-3-5-haiku-20241022,inContext_reverse,0.01,512,financebench_id_01319,What is the quantity of restructuring costs directly outlined in AES Corporation's income statements for FY2022? If restructuring costs are not explicitly outlined then state 0.,0,"After carefully reviewing the entire document, I cannot find any explicit mention of restructuring costs in the income statements or financial notes for fiscal year 2022. Therefore, the answer is 0.",[]
